restaurant_id,category_menuitem,name_menuitem,description,price,id,position,name_restaurant,score,ratings,category_restaurant,price_range,full_address,zip_code,lat,lng
216,Entrees,opor ayam,"chicken slowly simmered in yellow curry sauce and herb, serve with yellow rice
",16.95 USD,216,10,Shiki Thai Sushi Restaurant,4.8,100.0,"Asian, Asian Cuisine, Family Friendly",$$,"3000 19th St S, Homewood, AL, 35209",35209,33.4783634,-86.7894193
342,Nori Greens,Gado - Gado Salad,Japanese dumpling.,11.95 USD,342,15,Nori (4704 Cahaba River Rd),4.8,82.0,"Thai, Asian, Noodles",$,"4704 Cahaba River Rd, Vestavia, AL, 35243",35243,33.43225,-86.73778
342,Nori Specialties,Ayam Penyet,Marinated beef rice bow.,15.95 USD,342,15,Nori (4704 Cahaba River Rd),4.8,82.0,"Thai, Asian, Noodles",$,"4704 Cahaba River Rd, Vestavia, AL, 35243",35243,33.43225,-86.73778
342,Nori Specialties,Ikan Balado,Smashed fried spring chicken with hot chili sauce.,29.95 USD,342,15,Nori (4704 Cahaba River Rd),4.8,82.0,"Thai, Asian, Noodles",$,"4704 Cahaba River Rd, Vestavia, AL, 35243",35243,33.43225,-86.73778
342,Nori Specialties,Sate Kambing,,19.95 USD,342,15,Nori (4704 Cahaba River Rd),4.8,82.0,"Thai, Asian, Noodles",$,"4704 Cahaba River Rd, Vestavia, AL, 35243",35243,33.43225,-86.73778
1974,Indonesian Entrees,Curry,"Hot and spicy. Chicken breast with cabbage, onions, green, and red peppers.",12.6 USD,1974,170,Peking Chef Inc,,,"Chinese: Other, Noodles",,"8673 North Port Washington Road, Fox Point, WI, 53217",53217,43.17373,-87.91269
1974,Indonesian Entrees,Lamb Curry with Potatoes,Hot and spicy.,19.14 USD,1974,170,Peking Chef Inc,,,"Chinese: Other, Noodles",,"8673 North Port Washington Road, Fox Point, WI, 53217",53217,43.17373,-87.91269
1974,Indonesian Entrees,Rendang Beef,Hot and spicy. Thick curry with potatoes.,16.74 USD,1974,170,Peking Chef Inc,,,"Chinese: Other, Noodles",,"8673 North Port Washington Road, Fox Point, WI, 53217",53217,43.17373,-87.91269
1974,Indonesian Entrees,Sambal Udang,"Hot and spicy. Shrimp, green beans, onions, bamboo shoots, peppers, tofu, and tempeh.",15.9 USD,1974,170,Peking Chef Inc,,,"Chinese: Other, Noodles",,"8673 North Port Washington Road, Fox Point, WI, 53217",53217,43.17373,-87.91269
1974,Indonesian Entrees,Bali,"Hot and spicy. Fried beef, pea pods, bamboo shoots, onions, tomatoes, green and red pepper, carrots, and cashew nuts.",15.54 USD,1974,170,Peking Chef Inc,,,"Chinese: Other, Noodles",,"8673 North Port Washington Road, Fox Point, WI, 53217",53217,43.17373,-87.91269
1974,Indonesian Entrees,Ayam Goreng Mentega,Butter-dipped fried chicken with sweet Indonesian soy sauce.,16.74 USD,1974,170,Peking Chef Inc,,,"Chinese: Other, Noodles",,"8673 North Port Washington Road, Fox Point, WI, 53217",53217,43.17373,-87.91269
1974,Indonesian Entrees,Hot Plate,"Chicken with pea pods, green and red pepper, onions, and scallions.",15.0 USD,1974,170,Peking Chef Inc,,,"Chinese: Other, Noodles",,"8673 North Port Washington Road, Fox Point, WI, 53217",53217,43.17373,-87.91269
1974,Indonesian Entrees,Tom and Jerry Hot Plate,Shrimp and scallops.,17.94 USD,1974,170,Peking Chef Inc,,,"Chinese: Other, Noodles",,"8673 North Port Washington Road, Fox Point, WI, 53217",53217,43.17373,-87.91269
1974,Indonesian Entrees,Singapore Rice Noodles,"Hot and spicy. Shrimp, chicken, and curry.",12.6 USD,1974,170,Peking Chef Inc,,,"Chinese: Other, Noodles",,"8673 North Port Washington Road, Fox Point, WI, 53217",53217,43.17373,-87.91269
1974,Indonesian Entrees,Nasi Goreng,"Indonesian fried rice with shrimp, beef, chicken, and fried eggs.",14.4 USD,1974,170,Peking Chef Inc,,,"Chinese: Other, Noodles",,"8673 North Port Washington Road, Fox Point, WI, 53217",53217,43.17373,-87.91269
1974,Indonesian Entrees,Kweetiau Goreng,"Thick rice noodles, shrimp, beef, Chinese sausage, and eggs.",12.6 USD,1974,170,Peking Chef Inc,,,"Chinese: Other, Noodles",,"8673 North Port Washington Road, Fox Point, WI, 53217",53217,43.17373,-87.91269
1974,Indonesian Entrees,Biehun Goreng,Thin rice noodles.,12.6 USD,1974,170,Peking Chef Inc,,,"Chinese: Other, Noodles",,"8673 North Port Washington Road, Fox Point, WI, 53217",53217,43.17373,-87.91269
1974,Indonesian Entrees,Indonesian Kung Pao Shrimp,Hot and spicy.,17.4 USD,1974,170,Peking Chef Inc,,,"Chinese: Other, Noodles",,"8673 North Port Washington Road, Fox Point, WI, 53217",53217,43.17373,-87.91269
1974,Indonesian Entrees,Gado-Gado,Hot and spicy. Indonesian vegetarian delight with peanut sauce.,11.4 USD,1974,170,Peking Chef Inc,,,"Chinese: Other, Noodles",,"8673 North Port Washington Road, Fox Point, WI, 53217",53217,43.17373,-87.91269
1974,Indonesian Entrees,3 Delight Curry,"Hot and spicy. Shrimp, beef, and chicken.",17.4 USD,1974,170,Peking Chef Inc,,,"Chinese: Other, Noodles",,"8673 North Port Washington Road, Fox Point, WI, 53217",53217,43.17373,-87.91269
1974,Indonesian Entrees,Laksa with Chicken,Hot and spicy. Indonesian red curry soup with coconut milk.,12.6 USD,1974,170,Peking Chef Inc,,,"Chinese: Other, Noodles",,"8673 North Port Washington Road, Fox Point, WI, 53217",53217,43.17373,-87.91269
2130,Burritos,Burrito Ahogado,"Filled with your choice of meat. Refried beans, lettuce, tomato, and cheese. Topped with melted cheese, mild red sauce, and sour cream (mild red sauce contains peanuts). Served with rice and refried beans or black beans.",17.95 USD,2130,161,El Tenampa Mexican Grill,4.3,83.0,"Mexican, Tacos, Breakfast and Brunch",$,"8660 N 107th St, Milwaukee, WI, 53224",53224,43.175256,-88.0437797
2144,Fresh Gourmet Sandwiches,#6 Tempeh Avocado,"Smoky tempeh, vegan cheddar, avocado, tomato, romaine, southwest vegenaise served on your choice of white, multigrain or dark rye bread",9.95 USD,2144,143,The Green Kitchen,4.7,23.0,"Sandwiches, American, Healthy",,"400 N Water St, Milwaukee, WI, 53202",53202,43.03524,-87.9081
2144,Hot Grilled Sandwiches,#15 Smoky Vegan Tempeh,"Smoky tempeh, avocado, spinach, red onion, tomato, vegenaise, served grilled on ciabatta",10.95 USD,2144,143,The Green Kitchen,4.7,23.0,"Sandwiches, American, Healthy",,"400 N Water St, Milwaukee, WI, 53202",53202,43.03524,-87.9081
2144,Wraps,Smoky Tempeh,"Smoky tempeh, avocado, tomato, romaine, red onion, southwest vegenaise, spinach tortilla",8.95 USD,2144,143,The Green Kitchen,4.7,23.0,"Sandwiches, American, Healthy",,"400 N Water St, Milwaukee, WI, 53202",53202,43.03524,-87.9081
4168,Signature Breakfast,Tomato Omelet Ahagado,"Heirloom tomato omelet set in a pool of warm marinara served with a hash brown cup filled with shaved Parmesan, herbed chèvre and Gorgonzola choice of toast or tortillas. Vegetarian.",15.0 USD,4168,119,Sabrosa Cafe &amp; Gallery,,,Breakfast and Brunch,$$,"3216 S Howell Ave, Milwaukee, WI, 53207",53207,42.98605,-87.90473
4756,Picked for you,Tempeh Salad,"Grilled tempeh, our veggie mix, red onion, and tomatoes. Served on a bed of romaine lettuce.",8.25 USD,4756,82,Argus Bar &amp; Grill,,,"Burgers, American, Sandwiches",$$,"123 E Main St, Madison, WI, 53703",53703,43.07506,-89.38099
4756,Salads,Tempeh Salad,"Grilled tempeh, our veggie mix, red onion, and tomatoes. Served on a bed of romaine lettuce.",8.25 USD,4756,82,Argus Bar &amp; Grill,,,"Burgers, American, Sandwiches",$$,"123 E Main St, Madison, WI, 53703",53703,43.07506,-89.38099
6116,Appetizers,Teriyaki Tempeh Tacos,"Teriyaki garlic glazed tempeh, asian slaw, corn, and flour tortilla.",10.0 USD,6116,29,Avenue Eats,,,"Burgers, American, Sandwich",$$,"1201 Valley View Ave, Wheeling, WV, 26003",26003,40.07083,-80.685609
6390,Starters,Aquachile (Camarones Ahogados),"Shrimp mixed with cucumber, purple onion, lime, salt, pepper, tomato juice, and avocado.",10.0 USD,6390,8,Crazy Mexican Restaurant &amp; Grill,,,"Mexican, Latin American, New Mexican",$$,"271 Three Springs Dr, Weirton, WV, 26062",26062,40.39504,-80.54859
6971,Extras,Tempeh Bacon,,2.5 USD,6971,22,Good Natured Collective Market &amp; Cafe,,,"Healthy, Vegetarian, Salads",$$,"209 South Raleigh Street, Martinsburg, WV, 25401",25401,39.45678,-77.9693
7536,Tacos,Tacos Ahogados,"Three fried tacos, filled with potatoes or beans and topped with cabbage, red onion, house-made tomatoes sauce, and finalized with topped carnitas.",17.5 USD,7536,13,Mi Pueblo Express,,,"Mexican, Burritos, Tacos",,"1225 Ruddell Rd SE, Lacey, WA, 98503",98503,47.03549,-122.81845
7657,Seafood,Camarones Ahogados,"Prawns cooked in lemon juice with onion, jalapeno slices and cucumber. ",23.95 USD,7657,10,El Mirador 2,4.6,81.0,"Mexican, Family Friendly",$$,"1601 E, Yakima, WA, 98901",98901,46.6057017,-120.4833314
7658,Seafood,Camarones Ahogados,"Prawns cooked in lemon juice with onion, jalapeno slices and cucumber. ",23.95 USD,7658,9,El Mirador Express,4.4,74.0,"Mexican, Family Friendly",$$,"418 W Walnut St, Yakima, WA, 98902",98902,46.5973931,-120.5137803
8537,Picked for you,Nasi Goreng Indonesia,"Indonesian style fried rice served with crackers and choice of chicken, beef, pork, tofu, or shrimp. Consists of corn fritter, spicy egg, and stir fry vegetables.",14.5 USD,8537,66,Indo Cafe,4.8,47.0,"Asian, Indonesian",$,"13754 Aurora Ave N, Seattle, WA, 98133",98133,47.7301676,-122.3445066
8537,Picked for you,Rendang Sapi,Tender dry beef curry slow cooked in our traditional coconut sauce with eggs and crackers.,17.5 USD,8537,66,Indo Cafe,4.8,47.0,"Asian, Indonesian",$,"13754 Aurora Ave N, Seattle, WA, 98133",98133,47.7301676,-122.3445066
8537,Picked for you,Kwetiau Goreng Indonesia,Indonesian style stir fry wide rice noodle.,14.5 USD,8537,66,Indo Cafe,4.8,47.0,"Asian, Indonesian",$,"13754 Aurora Ave N, Seattle, WA, 98133",98133,47.7301676,-122.3445066
8537,Appetizers,Sate Ayam,"Grilled marinated chicken skewers, topped with peanut sauce and sweet soy sauce.",12.5 USD,8537,66,Indo Cafe,4.8,47.0,"Asian, Indonesian",$,"13754 Aurora Ave N, Seattle, WA, 98133",98133,47.7301676,-122.3445066
8537,Poultry and Meats,Ayam Goreng Mbok Berek,Javanese fried chicken topped with deep fried savory crumbs.,14.95 USD,8537,66,Indo Cafe,4.8,47.0,"Asian, Indonesian",$,"13754 Aurora Ave N, Seattle, WA, 98133",98133,47.7301676,-122.3445066
8537,Poultry and Meats,Ayam Cabe Ijo,Padangnese chicken with green chili sauce.,14.95 USD,8537,66,Indo Cafe,4.8,47.0,"Asian, Indonesian",$,"13754 Aurora Ave N, Seattle, WA, 98133",98133,47.7301676,-122.3445066
8537,Poultry and Meats,Ayam Goreng Balado,Fried chicken simmered in special spicy sauce.,14.95 USD,8537,66,Indo Cafe,4.8,47.0,"Asian, Indonesian",$,"13754 Aurora Ave N, Seattle, WA, 98133",98133,47.7301676,-122.3445066
8537,Poultry and Meats,Rendang Sapi,Tender dry beef curry slow cooked in our traditional coconut sauce with eggs and crackers.,17.5 USD,8537,66,Indo Cafe,4.8,47.0,"Asian, Indonesian",$,"13754 Aurora Ave N, Seattle, WA, 98133",98133,47.7301676,-122.3445066
8537,Poultry and Meats,Ayam Goreng Penyet,Crushed fried chicken served with rice and chili paste.,13.95 USD,8537,66,Indo Cafe,4.8,47.0,"Asian, Indonesian",$,"13754 Aurora Ave N, Seattle, WA, 98133",98133,47.7301676,-122.3445066
8537,Poultry and Meats,Ayam Bakar Kecap,Grilled chicken served with sweet BBQ sauce.,14.95 USD,8537,66,Indo Cafe,4.8,47.0,"Asian, Indonesian",$,"13754 Aurora Ave N, Seattle, WA, 98133",98133,47.7301676,-122.3445066
8537,Poultry and Meats,Ayam Bakar Manado,Manadonese spicy BBQ chicken.,14.95 USD,8537,66,Indo Cafe,4.8,47.0,"Asian, Indonesian",$,"13754 Aurora Ave N, Seattle, WA, 98133",98133,47.7301676,-122.3445066
8537,Vegetables,Gado Gado,"Indonesian style warm salad with tofu, eggs, and onion crackers topped with peanut sauce.",12.95 USD,8537,66,Indo Cafe,4.8,47.0,"Asian, Indonesian",$,"13754 Aurora Ave N, Seattle, WA, 98133",98133,47.7301676,-122.3445066
8537,Mini Rijsttafel,MR Ayam Goreng Balado,Fried chicken topped with balado chili sauce.,16.5 USD,8537,66,Indo Cafe,4.8,47.0,"Asian, Indonesian",$,"13754 Aurora Ave N, Seattle, WA, 98133",98133,47.7301676,-122.3445066
8537,Mini Rijsttafel,MR Ayam Goreng Mbok Berek,Javanese fried chicken topped with deep fried savory crumbs.,16.5 USD,8537,66,Indo Cafe,4.8,47.0,"Asian, Indonesian",$,"13754 Aurora Ave N, Seattle, WA, 98133",98133,47.7301676,-122.3445066
8537,Mini Rijsttafel,MR Ayam Cabe Ijo,Padangnese chicken with green chili sauce.,16.5 USD,8537,66,Indo Cafe,4.8,47.0,"Asian, Indonesian",$,"13754 Aurora Ave N, Seattle, WA, 98133",98133,47.7301676,-122.3445066
8537,Mini Rijsttafel,MR Rendang Sapi,Tender dry beef curry slow-cooked in our traditional coconut sauce with eggs and crackers.,19.5 USD,8537,66,Indo Cafe,4.8,47.0,"Asian, Indonesian",$,"13754 Aurora Ave N, Seattle, WA, 98133",98133,47.7301676,-122.3445066
8537,Mini Rijsttafel,MR Ayam Bakar Kecap,Grilled chicken served with sweet BBQ sauce.,16.5 USD,8537,66,Indo Cafe,4.8,47.0,"Asian, Indonesian",$,"13754 Aurora Ave N, Seattle, WA, 98133",98133,47.7301676,-122.3445066
8537,Mini Rijsttafel,MR Ayam Bakar Manado,Manadonese spicy BBQ chicken.,16.5 USD,8537,66,Indo Cafe,4.8,47.0,"Asian, Indonesian",$,"13754 Aurora Ave N, Seattle, WA, 98133",98133,47.7301676,-122.3445066
8537,Noodles,Kwetiau Goreng Indonesia,Indonesian style stir fry wide rice noodle.,14.5 USD,8537,66,Indo Cafe,4.8,47.0,"Asian, Indonesian",$,"13754 Aurora Ave N, Seattle, WA, 98133",98133,47.7301676,-122.3445066
8537,Noodles,Bihun Goreng Indonesia,Indonesian style stir-fry fine rice noodle.,14.5 USD,8537,66,Indo Cafe,4.8,47.0,"Asian, Indonesian",$,"13754 Aurora Ave N, Seattle, WA, 98133",98133,47.7301676,-122.3445066
8537,Rice,Nasi Goreng Indonesia,"Indonesian style fried rice served with crackers and choice of chicken, beef, pork, tofu, or shrimp. Consists of corn fritter, spicy egg, and stir fry vegetables.",14.5 USD,8537,66,Indo Cafe,4.8,47.0,"Asian, Indonesian",$,"13754 Aurora Ave N, Seattle, WA, 98133",98133,47.7301676,-122.3445066
8561,Burgers &amp; Sandwiches,Grilled Tempeh Burger,"sauteed organic tempeh &amp; roasted red pepper sauce on a 7-grain bun or gluten-free cornbread, served with lettuce, tomato &amp; radish sprouts",13.95 USD,8561,40,Sunlight Cafe,4.9,60.0,"Vegetarian, Vegan, Healthy",$$,"6404 9th Ave NE, Seattle, WA, 98115",98115,47.6751518,-122.3175976
8561,Hot Entrees,Tempeh Taco Plate,"two corn tortillas filled with spiced sauteed organic tempeh, cheddar cheese, olives, tomatoes, lettuce, cilantro; beans and rice on the side, sour cream and salsa on the side (for vegan, select no dairy)",15.5 USD,8561,40,Sunlight Cafe,4.9,60.0,"Vegetarian, Vegan, Healthy",$$,"6404 9th Ave NE, Seattle, WA, 98115",98115,47.6751518,-122.3175976
8561,Sides,Organic Sauteed Tempeh,,6.5 USD,8561,40,Sunlight Cafe,4.9,60.0,"Vegetarian, Vegan, Healthy",$$,"6404 9th Ave NE, Seattle, WA, 98115",98115,47.6751518,-122.3175976
8574,"Lunch Menu  / Sandwiches, Burgers &amp; Subs",Tempeh Reuben,Fried tempeh strips topped with sauerkraut and a healthy smearing of cheddar cheese sauce and 1000 island dressing on grilled rye.,13.28 USD,8574,26,Wayward Vegan Cafe,4.9,200.0,"Vegetarian, Vegan, Healthy",$,"801 NE 65th St, Seattle, WA, 98115",98115,47.6757,-122.3198
8574,Starters &amp; Sides / Sides,Tempeh Bacon,,3.75 USD,8574,26,Wayward Vegan Cafe,4.9,200.0,"Vegetarian, Vegan, Healthy",$,"801 NE 65th St, Seattle, WA, 98115",98115,47.6757,-122.3198
8918,Mains,Ayam Kremes,Fried chicken topped with crispy crumbs.,10.0 USD,8918,2,Waroeng Jajanan,,,"Indonesian, Asian",$,"22315 WA-99, Edmonds, WA, 98026",98026,47.7966709,-122.3330707
8918,Mains,Ayam Penyet,Crushed fried chicken with chilli sauce.,10.0 USD,8918,2,Waroeng Jajanan,,,"Indonesian, Asian",$,"22315 WA-99, Edmonds, WA, 98026",98026,47.7966709,-122.3330707
8918,Mains,Ayam Cabe Hijau,Green chilli paste.,10.0 USD,8918,2,Waroeng Jajanan,,,"Indonesian, Asian",$,"22315 WA-99, Edmonds, WA, 98026",98026,47.7966709,-122.3330707
9813,Shrimp Starters - Appetizers ,Camarones Ahogados,"Large shrimp marinated in lime juice, spices, cilantro &amp; red onions.Serrano pepper slices. Served chilled with avocado, cucumbers and tomatoes on the side. Accompanied with freshly fried tortilla tostada, chips or Saltine crackers.",27.13 USD,9813,28,El Mirador,4.3,45.0,"Mexican, Family Friendly",$$,"1315 N 20th Ave, Pasco, WA, 99301",99301,46.2404161,-119.1169583
10100,More Ways to Yumm!,Tofu or Tempeh Yumm! Bento®,Organic Brown Rice or Thai Jasmine Rice served with our creamy ginger Asian Cole Slaw and a side of Yumm! Sauce.®,12.95 USD,10100,5,Cafe Yumm! (Mill Plain Crossing),4.8,73.0,"American, Sandwiches, Healthy, Burritos, Kids Friendly, Family Friendly, Family Meals, Mexican",$,"500 SE 192nd Ave Ste 400, Vancouver, WA, 98683",98683,45.618172,-122.476456
10100,Salad · Soup · Sides,Teriyaki Tempeh Skewer,Marinated organic tempeh skewer baked with teriyaki sauce. Topped with black sesame seeds.,5.0 USD,10100,5,Cafe Yumm! (Mill Plain Crossing),4.8,73.0,"American, Sandwiches, Healthy, Burritos, Kids Friendly, Family Friendly, Family Meals, Mexican",$,"500 SE 192nd Ave Ste 400, Vancouver, WA, 98683",98683,45.618172,-122.476456
10100,Extras,Side Tempeh,,5.0 USD,10100,5,Cafe Yumm! (Mill Plain Crossing),4.8,73.0,"American, Sandwiches, Healthy, Burritos, Kids Friendly, Family Friendly, Family Meals, Mexican",$,"500 SE 192nd Ave Ste 400, Vancouver, WA, 98683",98683,45.618172,-122.476456
10290,Mariscos (Seafood),Camarones Ahogados (Served Raw),,21.95 USD,10290,236,Viva Mexico,4.8,32.0,Mexican,$$,"10601 16th Ave SW, Seattle, WA, 98146",98146,47.5083399,-122.35556
10393,SIGNATURE  NOODLE / FRIED RICE,Indonesia Fried Rice*,"Fried rice with egg, onion, scallion topped with crispy chicken and fried egg in special fried rice sauce",17.95 USD,10393,195,Ka Pow Thai On Wheels,4.9,62.0,"Thai, Asian, Street Food",$,"5600 Delridge Way SW, Seattle, WA, 98106",98106,47.5516745,-122.3627492
10420,Chefs special,Kalderetang kambing,Ghost stew,18.87 USD,10420,146,Mekenie Pampangga's Special,4.8,28.0,"Breakfast and Brunch, South Asian, Filipino",$$,"16928 116th Ave SE, Renton, WA, 98058",98058,47.4506943,-122.1849037
10595,Seafood,Drowned shrimp (Camarones Ahogados),"Shrimp only cooked in lime juice, purple onions, cilantro, avocado, cucumber and served with tostadas or tortilla chips.",19.99 USD,10595,74,Taqueria La Tentacion,4.3,40.0,"Mexican, Latin American, New Mexican",,"31248 Pacific Hwy S, Federal Way, WA, 98003",98003,47.32111,-122.31283
10967,Salads,Tempting Tempeh BBQ,"*Limited time special! Cabbage, field greens, BBQ tempeh, potato chips, pickles, corn, red onion &amp; creamy slaw dressing",0.0 USD,10967,180,Crisp (3901 N. Williams),4.8,170.0,"Salads, Healthy, Vegetarian, Family Meals, Salads",$$,"3901 N Williams Ave, Portland, OR, 97227",97227,45.5509626,-122.6669962
11117,Small Plates,Tempeh 'Bacon' and Brussels Sprout Fried Rice (GF),"Savory Tempeh, Brussel Sprouts and Carrot Cabbage Slaw with Indian Spices",12.0 USD,11117,92,The Sudra Mississippi,4.7,23.0,"Indian, Vegetarian, Asian",$,"906 N Fremont St, Portland, OR, 97227",97227,45.54775,-122.6758
11117,Soup and Salad,SM Roasted Beet and Tempeh Salad (GF),"with Pickled Daikon Radish, Carrots and Red Cabbage Over Mixed Greens Tossed in Coconut Poppy Seed Dressing",9.6 USD,11117,92,The Sudra Mississippi,4.7,23.0,"Indian, Vegetarian, Asian",$,"906 N Fremont St, Portland, OR, 97227",97227,45.54775,-122.6758
11197,Seafood Specialty,Camarones Ahogados,"Shrimp cooked in lime juice with onions and chile de árbol. Served with fruit only. The FDA advises the consumption of raw or undercooked meal, poultry, seafood, and eggs increases your risk of food borne illness.",21.0 USD,11197,167,Mi Pueblo Authentic Mexican Food ,,,"Mexican, Latin American, New Mexican",,"17466 Southeast Division Street, Gresham, OR, 97236",97236,45.5042,-122.48311
11289,"Vegan, Veggie &amp; Meat",Chipotle Tempeh Burrito,"Served with spicy organic chipotle homemade tempeh, jalapenos, green bell peppers, grilled onions, rice, salsa Fresca, and chipotle aioli sauce on a flour tortilla.",9.0 USD,11289,203,El Nutri Taco,5.0,73.0,"Mexican, Vegan, Vegetarian",$,"2124 Ne Alberta St, Portland, OR, 97211",97211,45.55891,-122.64328
11395,Sides,Tempeh,,3.5 USD,11395,119,Cafe Gertrude,,,"American, Breakfast and Brunch, Comfort Food, Allergy Friendly",$,"3023 NE Alberta St, Portland, OR, 97211",97211,45.5591685,-122.634262
11395,Sides,Tempeh Bacon,,4.0 USD,11395,119,Cafe Gertrude,,,"American, Breakfast and Brunch, Comfort Food, Allergy Friendly",$,"3023 NE Alberta St, Portland, OR, 97211",97211,45.5591685,-122.634262
11434,Vegetarian Burritos,Huevos Ahogados Burrito,"Sauted eggs in a special tomato sauce with cheese, refried beans, rice, pico de gallo, and wrapped in a flour tortilla.",7.25 USD,11434,40,Ole Ole,4.7,200.0,"Mexican, Latin American, New Mexican, Group Friendly",$,"2137 E Burnside St, Portland, OR, 97214",97214,45.5231582,-122.6436837
11445,Picked for you,Tandoori Tempeh Curry,"Locally made squirrel and crow chickpea and quinoa tempeh in a smokey coconut milk-based sauce. 

Plates served with Bengali 5-spice basmati rice, turmeric-mustard vinaigrette slaw, seasonal pickles, and spicy green chutney.  Low carb plate is served with double portion of slaw instead of rice. 

Rice Bowls served with just rice.",14.5 USD,11445,17,DesiPDX,4.9,49.0,"Indian, Gluten Free, Vegetarian, Allergy Friendly",,"4237 North Mississippi Avenue, Portland, OR, 97217",97217,45.55451,-122.67567
11445,Plates and Bowls,Tandoori Tempeh Curry,"Locally made squirrel and crow chickpea and quinoa tempeh in a smokey coconut milk-based sauce. 

Plates served with Bengali 5-spice basmati rice, turmeric-mustard vinaigrette slaw, seasonal pickles, and spicy green chutney.  Low carb plate is served with double portion of slaw instead of rice. 

Rice Bowls served with just rice.",14.5 USD,11445,17,DesiPDX,4.9,49.0,"Indian, Gluten Free, Vegetarian, Allergy Friendly",,"4237 North Mississippi Avenue, Portland, OR, 97217",97217,45.55451,-122.67567
11445,A-La-Carte,Side of Tandoori Tempeh Curry,,5.0 USD,11445,17,DesiPDX,4.9,49.0,"Indian, Gluten Free, Vegetarian, Allergy Friendly",,"4237 North Mississippi Avenue, Portland, OR, 97217",97217,45.55451,-122.67567
11477,Picked for you,Ayam Goreng,,15.5 USD,11477,42,Wajan,,,"Indonesian, South East Asian, Asian, Alcohol",$,"4611 E Burnside St, Portland, OR, 97215",97215,45.52323,-122.61529
11477,Picked for you,Gado Gado,,14.0 USD,11477,42,Wajan,,,"Indonesian, South East Asian, Asian, Alcohol",$,"4611 E Burnside St, Portland, OR, 97215",97215,45.52323,-122.61529
11477,Cemilan,Sate Ayam,"three char-broiled chicken skewers with peanut sauce and acar (cucumber, carrot and chili relish)

Contains peanuts/ Tree nuts",8.75 USD,11477,42,Wajan,,,"Indonesian, South East Asian, Asian, Alcohol",$,"4611 E Burnside St, Portland, OR, 97215",97215,45.52323,-122.61529
11477,Makanan,Ayam Goreng,,15.5 USD,11477,42,Wajan,,,"Indonesian, South East Asian, Asian, Alcohol",$,"4611 E Burnside St, Portland, OR, 97215",97215,45.52323,-122.61529
11477,Makanan,Rendang Sapi,,20.0 USD,11477,42,Wajan,,,"Indonesian, South East Asian, Asian, Alcohol",$,"4611 E Burnside St, Portland, OR, 97215",97215,45.52323,-122.61529
11477,Makanan,Gado Gado,,14.0 USD,11477,42,Wajan,,,"Indonesian, South East Asian, Asian, Alcohol",$,"4611 E Burnside St, Portland, OR, 97215",97215,45.52323,-122.61529
11477,Tambahan,Tempe Orek,,6.0 USD,11477,42,Wajan,,,"Indonesian, South East Asian, Asian, Alcohol",$,"4611 E Burnside St, Portland, OR, 97215",97215,45.52323,-122.61529
11477,Tambahan,Saus Kacang Gado Gado,,3.25 USD,11477,42,Wajan,,,"Indonesian, South East Asian, Asian, Alcohol",$,"4611 E Burnside St, Portland, OR, 97215",97215,45.52323,-122.61529
11479,Signature Burgers and Such,Tempeh BBQ Burger,"Soy-free garbonzo tempeh, vegan garlic aioli, topped with our BBQ sauce and vegan cheese. Lettuce, tomato, onion and pickle on the side.",11.5 USD,11479,38,Dick's Primal Burger,4.7,144.0,"Burgers, American, Salads, Paleo, Vegetarian Friendly, Vegan Friendly, Alcohol",$,"4120 North Williams Avenue, Portland, OR, 97217",97217,45.55362,-122.6667
11609,Wraps,BBQ Tempeh Wrap Regular,"BBQed tempeh, carrot-cabbage-apple coleslaw, tomatoes, and greens with garlic aioli",12.0 USD,11609,100,Nectar Cafe (1925 Ne 42Nd Ave),4.8,52.0,"Vegetarian, Vegan, Healthy",$,"1925 Ne 42Nd Ave, Portland, OR, 97213",97213,45.5369,-122.62035
11836,Signature Burgers and Such,Tempeh BBQ Burger,"Soy-free garbonzo tempeh, vegan garlic aioli, topped with our BBQ sauce and vegan cheese. Lettuce, tomato, onion and pickle on the side.",11.5 USD,11836,229,Dick's Primal Burger,4.7,185.0,"Burgers, American, Sandwiches, Desserts, Paleo, Vegetarian Friendly, Vegan Friendly, Alcohol",$,"4905 Southeast Woodstock Boulevard, Portland, OR, 97206",97206,45.479417,-122.61203
11886,Entrées,Tempeh Burgers,"done two ways. A toasted ciabatta bun with a so-free lentil tempeh patty:
1) dude burger- grilled and caramelized sweet onion, bold nd rich steak sauce, horseradish ranch, creamy cashew cheese spread, lettuce, aroma tomatoes, and a pickle on top
2) daily fuel burger- creamy cashew cheese spread, avocado, red onions, mustard, lettuce, aroma tomatoes, and a pickle on top",9.0 USD,11886,269,Daily Fuel,,,"Vegetarian, Vegan, Healthy",$,"1080 SE Madison St, Portland, OR, 97214",97214,45.5128,-122.65502
11925,RICE BOWLS,TEMPEH BOWL,"MARINATED TEMPEH W/ SCALLIONS, CUCUMBERS, SHAVED CARROT, KOREAN BBQ SAUCE, SERVED
OVER RICE",8.5 USD,11925,181,High Water Mark Lounge &amp; Cafe,,,"Burgers, American, Sandwiches",$,"6800 NE M L King Blvd, Portland, OR, 97211",97211,45.57192,-122.66118
12007,Vegan &amp; Vegetarian,Tempeh Taco,"Diced tempeh seared with peppers and onions, lightly tossed with chipotle sauce. Served on a corn tortilla with shredded lettuce and guacamole.",3.5 USD,12007,300,Nayar Taqueria (5919 SE Foster Rd),4.7,18.0,"Mexican, Tacos, Burritos",,"5919 SE Foster Rd, Portland, OR, 97206",97206,45.492462,-122.602013
12402,Burritos,Burritos Hogado Pollo,,10.99 USD,12402,59,Los Cuervos,,,"Mexican, New Mexican",,"11109 Pacific Hwy SW, Lakewood, WA, 98499-4644",98499-4644,47.15623,-122.49181
12402,Burritos,Burritos Hogado Carnitas,,10.99 USD,12402,59,Los Cuervos,,,"Mexican, New Mexican",,"11109 Pacific Hwy SW, Lakewood, WA, 98499-4644",98499-4644,47.15623,-122.49181
12402,Burritos,Burritos Ahogado Asada,,11.99 USD,12402,59,Los Cuervos,,,"Mexican, New Mexican",,"11109 Pacific Hwy SW, Lakewood, WA, 98499-4644",98499-4644,47.15623,-122.49181
12402,Burritos,Burritos Ahogado Pastor,,11.99 USD,12402,59,Los Cuervos,,,"Mexican, New Mexican",,"11109 Pacific Hwy SW, Lakewood, WA, 98499-4644",98499-4644,47.15623,-122.49181
12402,Burritos,Burritos Ahogado Lengua,,11.99 USD,12402,59,Los Cuervos,,,"Mexican, New Mexican",,"11109 Pacific Hwy SW, Lakewood, WA, 98499-4644",98499-4644,47.15623,-122.49181
12402,Burritos,Burritos Ahogado Adobada,,11.99 USD,12402,59,Los Cuervos,,,"Mexican, New Mexican",,"11109 Pacific Hwy SW, Lakewood, WA, 98499-4644",98499-4644,47.15623,-122.49181
12402,Burritos,Burritos Ahogado Burria,,11.99 USD,12402,59,Los Cuervos,,,"Mexican, New Mexican",,"11109 Pacific Hwy SW, Lakewood, WA, 98499-4644",98499-4644,47.15623,-122.49181
12402,Burritos,Burritos Ahogado Buche,,11.99 USD,12402,59,Los Cuervos,,,"Mexican, New Mexican",,"11109 Pacific Hwy SW, Lakewood, WA, 98499-4644",98499-4644,47.15623,-122.49181
12402,Burritos,Burritos Ahogado Chorizo,,11.99 USD,12402,59,Los Cuervos,,,"Mexican, New Mexican",,"11109 Pacific Hwy SW, Lakewood, WA, 98499-4644",98499-4644,47.15623,-122.49181
12405,Mexican dishes (Antojitos mexicanos), (Sopitos Delgados),,10.99 USD,12405,56,Los Tamales Mexican Restaurant,4.4,150.0,"Mexican, Latin American, New Mexican",,"1018 E 72nd St, Tacoma, WA, 98404",98404,47.19161,-122.41718
12467,Rice Dishes,Stir Fried Indonesia,"Sauteed mixed vegetables and shitake mushrooms in special Indonesian soy sauce and rice wine. Seasoned with sesame oil, ginger, garlic, and Indonesian chili sauce. Severed with steam rice.",13.99 USD,12467,103,Le-Le Restaurant,4.6,111.0,"Thai, Vegetarian Friendly, Asian, Vietnamese",$,"1012 M.L.K. Jr Way, Tacoma, WA, 98405",98405,47.2527199,-122.45209
12510,Rice Dishes,Stir Fried Indonesia,"Sauteed mix vegetables, shiitake mushroom in special Indonesian soy sauce, and rice wine. Seasoned with sesame oil, ginger, garlic, and Indonesian chili sauce. Served with white rice.",13.0 USD,12510,57,Lele East &amp; West,4.7,32.0,"Seafood, Thai, Vegetarian Friendly, Asian, Vietnamese",$,"5015, Tacoma, WA, 98409",98409,47.2112,-122.4634868
12530,Shrimp Starters -Appetizers,Camarones Ahogados,"Large shrimp marinated in lime juice, spices, cilantro &amp; red onions.Serrano pepper slices. Served chilled with avocado, cucumbers and tomatoes on the side. Accompanied with freshly fried tortilla tostada, chips or Saltine crackers.",22.94 USD,12530,29,Antojo Mexican Grill (University Place),4.5,200.0,"Mexican, Tacos, Vegetarian Friendly, Burritos",$,"5502 S Orchard St, University Place, WA, 98467",98467,47.2071621,-122.5060369
12806,Picked for you,Grilled Tempe Rubin Sandwich ,"Blue Heron rye sourdough bread, pastrami style tempeh, provolone cheese, sauerkraut, soy-free vegenaise, vegan thousand island and stone ground mustard ",11.99 USD,12806,14,Rainbow Cloud Cafe,4.9,44.0,"Sandwiches, Vegan Friendly, Gluten Free Friendly, Allergy Friendly",,"2727 Westmoor Court Southwest, Suite 300, Olympia, WA, 98502",98502,47.03728,-122.93611
12806,Sandwiches,Grilled Tempe Rubin Sandwich ,"Blue Heron rye sourdough bread, pastrami style tempeh, provolone cheese, sauerkraut, soy-free vegenaise, vegan thousand island and stone ground mustard ",11.99 USD,12806,14,Rainbow Cloud Cafe,4.9,44.0,"Sandwiches, Vegan Friendly, Gluten Free Friendly, Allergy Friendly",,"2727 Westmoor Court Southwest, Suite 300, Olympia, WA, 98502",98502,47.03728,-122.93611
12915,Picked for you,Spicy Ayam Goreng,Malaysia style fried chicken wings,9.0 USD,12915,266,Ooink,4.8,56.0,"Asian, Asian Fusion, Japanese",$,"1416 Harvard Ave, Seattle, WA, 98122",98122,47.6138677,-122.3215851
12915,Mains,Spicy Ayam Goreng,Malaysia style fried chicken wings,9.0 USD,12915,266,Ooink,4.8,56.0,"Asian, Asian Fusion, Japanese",$,"1416 Harvard Ave, Seattle, WA, 98122",98122,47.6138677,-122.3215851
13203,Fried Noodles,Indonesian Rice Noodles  印尼炒米粉,Spicy,14.95 USD,13203,5,Zhen Kee Chinese Restaurant,4.5,187.0,"Chinese Food, Allergy Friendly, Family Friendly",$,"151 Sunset Blvd N, Renton, WA, 98057",98057,47.4846806,-122.1969963
13203,Fried Rice,Indonesia Fried Rice  印尼炒饭,Spicy,14.95 USD,13203,5,Zhen Kee Chinese Restaurant,4.5,187.0,"Chinese Food, Allergy Friendly, Family Friendly",$,"151 Sunset Blvd N, Renton, WA, 98057",98057,47.4846806,-122.1969963
13233,Top 12 Best Items Combo Deal  (Select a Side &amp; a Drink for Just $9.95 Extra) 12道風味套餐,R23. Indonesian Fried Rice,"It's spicy and containing chicken, shrimp &amp; sunny side up egg. 
香辣炒飯 - 含雞肉, 蝦仁, 太陽蛋, 微辣",18.95 USD,13233,142,Pacific Cafe,,,"Chinese, Asian, Cantonese",$$,"416 5th Ave S, Seattle, WA, 98104",98104,47.598718,-122.327491
13233,Rice Dishes Section 碟頭飯類,R23. Indonesian Fried Rice ,"It's spicy and containing chicken, shrimp and sunny side up egg. Highly recommended!
香辣炒飯 (微辣) (含雞絲, 蝦仁, 太陽蛋) - 推薦!",18.95 USD,13233,142,Pacific Cafe,,,"Chinese, Asian, Cantonese",$$,"416 5th Ave S, Seattle, WA, 98104",98104,47.598718,-122.327491
14109,Paninis and Wraps,Tempeh Peanut Wrap,"Baked seasoned tempeh, spinach, carrots, green onions, cabbage, and vegan peanut sauce. Comes with Kettle brand potato chips.",9.99 USD,14109,96,Main Market Co-op,,,"Deli, Salads, Healthy",$$,"44 W Main Ave, Spokane, WA, 99201",99201,47.6594072,-117.4127146
14137,Picked for you,Tempeh Peanut Wrap,"Vegan. Baked seasoned tempeh, spinach, carrots, green onions, cabbage, and vegan peanut sauce. 
",9.99 USD,14137,125,Main Market CO-OP Deli,,,"Sandwiches, American, Healthy",$,"44 W Main Ave, Spokane, WA, 99201",99201,47.6594072,-117.4127146
14137,Salads,Tempeh Buddha Bowl  ,"Brown rice, cabbage, coconut sweet potatoes, cucumber, sesame tempeh, carrot, cilantro, green onion, w/ Thai peanut sauce",9.49 USD,14137,125,Main Market CO-OP Deli,,,"Sandwiches, American, Healthy",$,"44 W Main Ave, Spokane, WA, 99201",99201,47.6594072,-117.4127146
14137,Paninis and Wraps,Tempeh Peanut Wrap,"Vegan. Baked seasoned tempeh, spinach, carrots, green onions, cabbage, and vegan peanut sauce. 
",9.99 USD,14137,125,Main Market CO-OP Deli,,,"Sandwiches, American, Healthy",$,"44 W Main Ave, Spokane, WA, 99201",99201,47.6594072,-117.4127146
14692,Fried Rice,Indonesian Fried Rice,,15.95 USD,14692,78,Jade Garden Chinese Restaurant,4.6,126.0,"Chinese, Asian, Family Friendly",$,"3133 Broadway, Everett, WA, 98201",98201,47.975524,-122.200988
15432,More Ways to Yumm!,Tofu or Tempeh Yumm! Bento®,Organic Brown Rice or Thai Jasmine Rice served with our creamy ginger Asian Cole Slaw and a side of Yumm! Sauce.®,17.0 USD,15432,149,Cafe Yumm! (Seattle),4.9,148.0,"Healthy, American, Sandwich, Burritos, Mexican, Family Friendly, Family Meals, Kids Friendly",$,"717 Pine St., Seattle, WA, 98101",98101,47.6126024,-122.3338173
15432,Salad · Soup · Sides,Teriyaki Tempeh Skewer,Marinated organic tempeh skewer baked with teriyaki sauce. Topped with black sesame seeds.,7.15 USD,15432,149,Cafe Yumm! (Seattle),4.9,148.0,"Healthy, American, Sandwich, Burritos, Mexican, Family Friendly, Family Meals, Kids Friendly",$,"717 Pine St., Seattle, WA, 98101",98101,47.6126024,-122.3338173
15432,Extras,Side Tempeh,,4.25 USD,15432,149,Cafe Yumm! (Seattle),4.9,148.0,"Healthy, American, Sandwich, Burritos, Mexican, Family Friendly, Family Meals, Kids Friendly",$,"717 Pine St., Seattle, WA, 98101",98101,47.6126024,-122.3338173
15453,Signature Fried Rice,Indonesian Fried Rice,,15.95 USD,15453,64,Regent Bakery &amp; Cafe (Capitol Hill),4.7,61.0,"Chinese, Cafe, Desserts",$$,"1404 E Pine St, Seattle, WA, 98122",98122,47.6154617,-122.3140759
18016,Aperitivos,Arepas con hogado,,7.8 USD,18016,44,Aroma Cafe,4.5,76.0,"Latin American, Vegetarian, Colombian, Healthy",$,"6969 Hechinger Dr, Springfield, VA, 22151",22151,38.795543,-77.184786
18016,Aperitivos,Tostones con hogado,,7.8 USD,18016,44,Aroma Cafe,4.5,76.0,"Latin American, Vegetarian, Colombian, Healthy",$,"6969 Hechinger Dr, Springfield, VA, 22151",22151,38.795543,-77.184786
18016,Entrees,Higado encebollado,,16.89 USD,18016,44,Aroma Cafe,4.5,76.0,"Latin American, Vegetarian, Colombian, Healthy",$,"6969 Hechinger Dr, Springfield, VA, 22151",22151,38.795543,-77.184786
18016,Entrees,Higado criolla,,16.89 USD,18016,44,Aroma Cafe,4.5,76.0,"Latin American, Vegetarian, Colombian, Healthy",$,"6969 Hechinger Dr, Springfield, VA, 22151",22151,38.795543,-77.184786
18588,Espresso Beverages,Affogado,Double shot of freshly roasted and ground espresso over 1 scoop of creamy vanilla ice cream.,7.0 USD,18588,3,King of Clubs Brewing,,,"Coffee and Tea, Drinks, Alcohol",,"113 Palace Lane Suite D, Williamsburg, VA, 23185",23185,37.28593,-76.71437
19774,Sunflower Specialties-Dinner,S15 Adventure of Organic Tempeh Land,"Organic marinated tempeh (five grains) Sautéed with red bell pepper, snow peas, asparagus, baby corn and mushrooms in Thai style curry sauce.",19.2 USD,19774,77,Sunflower Vegetarian Restaurant,4.7,123.0,"Asian Fusion, Vegan, Vegetarian, Healthy, Family Friendly",$,"2531 Chain Bridge Rd, Vienna, VA, 22181",22181,38.8930156,-77.2753843
19774,Sandwiches (Organic Ciabatta Bread),C5 Organic Tempeh (5 grains) Sandwich,"Served on ciabatta bread with lettuce, tomato and jicama. Choice of organic mix greens or fries on the side.",14.4 USD,19774,77,Sunflower Vegetarian Restaurant,4.7,123.0,"Asian Fusion, Vegan, Vegetarian, Healthy, Family Friendly",$,"2531 Chain Bridge Rd, Vienna, VA, 22181",22181,38.8930156,-77.2753843
19774,Extra Side Orders,X4 Organic Marinated Tempeh(6),Five grain,7.2 USD,19774,77,Sunflower Vegetarian Restaurant,4.7,123.0,"Asian Fusion, Vegan, Vegetarian, Healthy, Family Friendly",$,"2531 Chain Bridge Rd, Vienna, VA, 22181",22181,38.8930156,-77.2753843
20165,Freshly-Roasted Coffee Bags,Blue Ridge Bluff - Indonesia (Dark Roast),Whole bean **recommended for best cup**.,12.99 USD,20165,153,Commonwealth Joe Coffee Roasters,4.9,134.0,"Coffee and Tea, American, Breakfast and Brunch",$,"520 12th Street South, Arlington, VA, 22202",22202,38.8627087,-77.0549472
21669,Indonesian Specialties,Mie Ayam Pangsit Bakso,"Savory chicken mushrooms served on egg noodle, with boiled, fried wantons, and side of chicken broth beef ball soup.",12.95 USD,21669,291,Bambu Cafe,,,"Asian, Asian Fusion, Korean",,"12242 Rockville Pike, North Bethesda, MD, 20852",20852,39.05674,-77.119939
21669,Indonesian Specialties,Sate Ayam Or Beef,"Grilled chicken or beef on skewers, side of small rice cakes, and peanut sauce and onion crackers.",11.95 USD,21669,291,Bambu Cafe,,,"Asian, Asian Fusion, Korean",,"12242 Rockville Pike, North Bethesda, MD, 20852",20852,39.05674,-77.119939
21669,Indonesian Specialties,Rendang Bowl,"Marinated rib-eye beef slow cooked in spices, coconut milk served over jasmine rice, sauteed collard greens, onion crackers, boiled eggs, and sambal.",11.95 USD,21669,291,Bambu Cafe,,,"Asian, Asian Fusion, Korean",,"12242 Rockville Pike, North Bethesda, MD, 20852",20852,39.05674,-77.119939
21669,Indonesian Specialties,Daging Sapi Asap,"Black pepper ribeye steak soy sauce served over jasmine rice, onion crackers, boiled eggs, and sambal.",11.95 USD,21669,291,Bambu Cafe,,,"Asian, Asian Fusion, Korean",,"12242 Rockville Pike, North Bethesda, MD, 20852",20852,39.05674,-77.119939
21669,Indonesian Specialties,Siomay,"Steamed dim sum fish shrimp cakes, potatoes, bitter melon, tofu, and side of delicious peanut sauce.",11.95 USD,21669,291,Bambu Cafe,,,"Asian, Asian Fusion, Korean",,"12242 Rockville Pike, North Bethesda, MD, 20852",20852,39.05674,-77.119939
21669,Indonesian Specialties,Batagor,"Fried fish shrimp cakes, potatoes, boiled eggs, and fried shrimp balls served with delicious peanut sauce.",11.95 USD,21669,291,Bambu Cafe,,,"Asian, Asian Fusion, Korean",,"12242 Rockville Pike, North Bethesda, MD, 20852",20852,39.05674,-77.119939
21669,Indonesian Specialties,Ayam Bakar Taliwang,"Grilled marinated chicken served over rice, sliced cucumbers, and shrimp paste hot sauce.",11.95 USD,21669,291,Bambu Cafe,,,"Asian, Asian Fusion, Korean",,"12242 Rockville Pike, North Bethesda, MD, 20852",20852,39.05674,-77.119939
21669,Indonesian Specialties,Kwetiauw Goreng,Fried rice noodle soy sauce with seafood.,11.95 USD,21669,291,Bambu Cafe,,,"Asian, Asian Fusion, Korean",,"12242 Rockville Pike, North Bethesda, MD, 20852",20852,39.05674,-77.119939
21669,Indonesian Specialties,Bubur Ayam,"Savory chicken porridge served with shredded fried chicken, fried soybeans, cakwe, onion crackers, and sweet soy sauce quail eggs chicken liver.",10.95 USD,21669,291,Bambu Cafe,,,"Asian, Asian Fusion, Korean",,"12242 Rockville Pike, North Bethesda, MD, 20852",20852,39.05674,-77.119939
21669,Indonesian Specialties,Rica Rica,"Spicy grilled fish served over jasmine rice, sauteed collard greens, side of hot sauce or dabu2/Indonesian salsa.",12.95 USD,21669,291,Bambu Cafe,,,"Asian, Asian Fusion, Korean",,"12242 Rockville Pike, North Bethesda, MD, 20852",20852,39.05674,-77.119939
21669,Indonesian Specialties,Soto Betawi,"Jakarta beef and tribes coconut milk soup, served over jasmine rice, crackers and hot sauce.",12.95 USD,21669,291,Bambu Cafe,,,"Asian, Asian Fusion, Korean",,"12242 Rockville Pike, North Bethesda, MD, 20852",20852,39.05674,-77.119939
21669,Indonesian Specialties,Nasi Uduk,"Coconut milk rice, side of marinated tofu &amp; tempe soybean cakes, spicy anchovies peanuts, sliced cucumbers, and sambal hot sauce.",12.95 USD,21669,291,Bambu Cafe,,,"Asian, Asian Fusion, Korean",,"12242 Rockville Pike, North Bethesda, MD, 20852",20852,39.05674,-77.119939
21669,Indonesian Desserts,Klapertart,,7.95 USD,21669,291,Bambu Cafe,,,"Asian, Asian Fusion, Korean",,"12242 Rockville Pike, North Bethesda, MD, 20852",20852,39.05674,-77.119939
21669,Indonesian Desserts,Pisang Bekar Coklat,,7.95 USD,21669,291,Bambu Cafe,,,"Asian, Asian Fusion, Korean",,"12242 Rockville Pike, North Bethesda, MD, 20852",20852,39.05674,-77.119939
21669,Indonesian Desserts,Es Teler,,7.95 USD,21669,291,Bambu Cafe,,,"Asian, Asian Fusion, Korean",,"12242 Rockville Pike, North Bethesda, MD, 20852",20852,39.05674,-77.119939
21669,Indonesian Desserts,Es Kelapa,,7.95 USD,21669,291,Bambu Cafe,,,"Asian, Asian Fusion, Korean",,"12242 Rockville Pike, North Bethesda, MD, 20852",20852,39.05674,-77.119939
21669,Indonesian Desserts,Es Cendol,,7.95 USD,21669,291,Bambu Cafe,,,"Asian, Asian Fusion, Korean",,"12242 Rockville Pike, North Bethesda, MD, 20852",20852,39.05674,-77.119939
21669,Indonesian Desserts,Bubur Ketan Hitam,,7.95 USD,21669,291,Bambu Cafe,,,"Asian, Asian Fusion, Korean",,"12242 Rockville Pike, North Bethesda, MD, 20852",20852,39.05674,-77.119939
21768,Entrée (Entrada),Higado Encebollado,"Grilled beef liver served with rice, refried beans, and salad.",15.5 USD,21768,240,Tipicos Gloria - Sterling,4.1,12.0,"Mexican, Salvadorian",$,"317 South, Sterling, VA, 20164",20164,38.99844,-77.4052748
21772,Entrées (Entradas),Higado Encebollado,"Grilled beef liver served with rice, beans, and salad.",15.5 USD,21772,232,Tipicos Gloria - Herndon,4.6,29.0,"Mexican, Salvadorian",$,"470 Elden St, Herndon, VA, 20170",20170,38.9701991,-77.3760439
22081,Ice Cream,Indonesian Vanilla Bean Ice Cream,,5.75 USD,22081,19,Dulce Crepes,4.7,91.0,"Breakfast and Brunch, Vegetarian, Desserts, Healthy",$$,"11217 Lee Hwy, Fairfax, VA, 22030",22030,38.8507888,-77.3348729
22449,Desserts,Merengado de Chirimoya,"Cherimoya mousse, cherimoya pulp with chantilly cream, dulce de leche and dehydrated meringue cookies.",13.0 USD,22449,19,lima de veras ,,,"Peruvian, Latin American, Seafood",,"20921 Davenport Drive, 134, Sterling, VA, 20165",20165,39.03694,-77.41087
23816,Noodles &amp; Rice,"Indonesian Fried Rice (Chicken, Sweet Soy Sauce, Fried Egg)",,14.25 USD,23816,65,Lucky Whale,4.1,38.0,"Asian Fusion, Japanese, Asian",,"2028 West Cary Street, 1, Richmond, VA, 23220",23220,37.5486578849507,-77.46747381914749
24016,Tacos,Tacos de Higado Con Cebolla,Liver tacos cooked with onions. Served with corn tortillas.,14.0 USD,24016,75,Lalo's Cocina,,,"Mexican, Family Friendly",$,"2617 W Broad St, Richmond, VA, 23220",23220,37.5610243,-77.4682173
26161,SALVADOREAN,HIGADO ENCEBOLLADO,,15.95 USD,26161,76,Costa Real Restaurant,4.3,21.0,"Latin American, Mexican, Salvadorian",,"8423 Sudley Rd, Manassas, VA, 20109",20109,38.77409,-77.50068
26170,Entrees,Higado Encebollado,"Grilled liver topped with sauteed onions, tomato, and brown gravy sauce. Served with rice and vegetables.",12.95 USD,26170,28,Cuna del Sol,4.7,66.0,"Latin American, Spanish",,"7779 Sudley Rd, Manassas, USA, Gainesville, VA, 20109",20109,38.7888936,-77.5132369
26448,Sandwiches,Vinny Bagadoughnuts,"Imported Ham, Salami, Capicolla, Pepperoni, Provolone, Lettuce, Tomato, and
Italian Vinaigrette. Served hot or cold",13.99 USD,26448,54,Quincy's South Bar &amp; Grille,4.8,209.0,"Irish, Bar Food, Sandwich, Burgers, Pizza, Family Friendly, Group Friendly",$$,"11401 Woodglen Dr, North Bethesda, MD, 20852",20852,39.0440282,-77.11299
26473,Malaysian Entrees,Kari Ayam,Chicken with spicy red curry in coconut milk gravy. Served with white rice.,15.95 USD,26473,179,Asia Cafe (Rockville),4.7,40.0,"Chinese, Asian, Asian Fusion",$,"703 1st St, Rockville, MD, 20851",20851,39.0849612,-77.135721
26473,Malaysian Entrees,Ayam Halia,Sautéed chicken breast with sliced ginger scallions and brown sauce. Served with white rice.,15.95 USD,26473,179,Asia Cafe (Rockville),4.7,40.0,"Chinese, Asian, Asian Fusion",$,"703 1st St, Rockville, MD, 20851",20851,39.0849612,-77.135721
26473,Malaysian Entrees,Ayam Basil,Sauteed chicken breast with basil leaves mushrooms carrots snow peas and baby corn. Served with white rice.,15.95 USD,26473,179,Asia Cafe (Rockville),4.7,40.0,"Chinese, Asian, Asian Fusion",$,"703 1st St, Rockville, MD, 20851",20851,39.0849612,-77.135721
26596,Meat,Bife De Figado So Martinho,"Calf liver steak with onions, bacon, and aged red wine vinaigrette.",21.95 USD,26596,105,Tavira Restaurant (Chevy Chase),,,"Mediterranean, Portuguese, Allergy Friendly",$$$,"8401 Connecticut Ave, Washington, MD, 20815",20815,38.9942316,-77.0766142
26630,Salvadoran Dishes,Higado de Res,Sauteed beef liver with onions. Served with rice and salad.,18.99 USD,26630,139,Los Chorros Restaurant,4.5,124.0,"Latin American, Mexican, Family Friendly",$,"2420 Blueridge Ave, Silver Spring, MD, 20902",20902,39.0428556,-77.0514279
26924,Entrée (Platos De Entrada),Higado Encebollado,"Liver and onions with rice, beans, and tortillas.",15.0 USD,26924,167,Maria's Cafe &amp; Restaurant inc.,,,"Latin American, Mexican, Tacos",,"11305 Elkin Street, Silver Spring, MD, 20902",20902,39.04052,-77.0503
29377,Large Plates,Tempeh and Soba Noodles,"Broccolini, mushrooms, root vegetables, roasted peppers, peanut sauce, scallion, and cilantro.",24.0 USD,29377,2,Cork Wine Bar &amp; Market of Stowe,,,"Burgers, American, Sandwiches",$$,"35 School St, Stowe, VT, 5672",5672,44.4648,-72.68459
29610,Burgers and Sandwiches,Tempting Tempeh,"hot and tangy buffalo, red slaw, pineapple ",15.0 USD,29610,253,Lake Effect,,,Spanish,$$,"155 W 200 S, Salt Lake City, UT, 84101",84101,40.764589,-111.895857
29761,Sandwiches,Tempeh Cubano,"Blackened tempeh, pickled jalapeno, olives, capers, artichoke hearts, tomato, brown mustard, and cheeze.",10.0 USD,29761,186,Vertical Diner,,,"Healthy, Breakfast and Brunch, American, Sandwich",$,"234 W 900th S, Salt Lake City, UT, 84101",84101,40.7499676,-111.8978609
29761,Sandwiches,Tempeh Rueben,"Tempeh, artisan sauerkraut, cheeze, and vertical sauce served on rye.",9.5 USD,29761,186,Vertical Diner,,,"Healthy, Breakfast and Brunch, American, Sandwich",$,"234 W 900th S, Salt Lake City, UT, 84101",84101,40.7499676,-111.8978609
29761,Sides,Fried Tempeh,,4.0 USD,29761,186,Vertical Diner,,,"Healthy, Breakfast and Brunch, American, Sandwich",$,"234 W 900th S, Salt Lake City, UT, 84101",84101,40.7499676,-111.8978609
29761,Sides,Tempeh Bacon,,4.0 USD,29761,186,Vertical Diner,,,"Healthy, Breakfast and Brunch, American, Sandwich",$,"234 W 900th S, Salt Lake City, UT, 84101",84101,40.7499676,-111.8978609
29763,Tacos,Higado,,3.77 USD,29763,182,Fire Tacos (268 S State St Suite 110),,,"Mexican, New Mexican, Latin American",$$,"268 S State St, Salt Lake City, UT, 84111",84111,40.76359,-111.88872
29807,Venezuelan and Colombian Menu,Higado Encebollado,"Liver smothered in onions, with rice, salad and plantain",18.99 USD,29807,137,Sabor Latino (North Temple),4.9,54.0,"Latin American, Mexican, Vegetarian, Healthy",$,"2080 West North Temple Street, Salt Lake City, UT, 84116",84116,40.77157,-111.9523
30462,Starters,Sate Ayam,Grill chicken skewer served with sweet and savory peanut sauce.,8.75 USD,30462,181,Makanmakan Asian Streat Food Fare,4.9,15.0,"Asian, Asian Fusion, Korean",,"33 East 11400 South, Sandy, UT, 84070",84070,40.54445,-111.89024
30462,Soup &amp; Salad,Gado Gado,"Indonesian salad of blanched vegetables, hard-boiled egg, fried tofu, cucumber, green leaves, tomato, crispy shallots, shrimp crackers in peanut sauce dressing.",10.75 USD,30462,181,Makanmakan Asian Streat Food Fare,4.9,15.0,"Asian, Asian Fusion, Korean",,"33 East 11400 South, Sandy, UT, 84070",84070,40.54445,-111.89024
30462,Seafood,Udang Saus Mentega,Jumbo prawn in a sweet buttery sauce with scallion and onion. Served with steam rice.,14.45 USD,30462,181,Makanmakan Asian Streat Food Fare,4.9,15.0,"Asian, Asian Fusion, Korean",,"33 East 11400 South, Sandy, UT, 84070",84070,40.54445,-111.89024
30462,Rice &amp; Noodles,Mie Ayam,"Savory Jakarta seasoned chicken egg noodle topped with fried wonton, baby bok choy, bean sprout, and chicken broth on the side.",12.05 USD,30462,181,Makanmakan Asian Streat Food Fare,4.9,15.0,"Asian, Asian Fusion, Korean",,"33 East 11400 South, Sandy, UT, 84070",84070,40.54445,-111.89024
30462,Vegetable,Cah Kangkung,Stir-fry water spinach in garlic sauce. Served with steam rice.,11.95 USD,30462,181,Makanmakan Asian Streat Food Fare,4.9,15.0,"Asian, Asian Fusion, Korean",,"33 East 11400 South, Sandy, UT, 84070",84070,40.54445,-111.89024
30539,Venezuelan and Colombian Menu,Higado Encebollado,"Liver smothered in onions, with rice, salad and plantain",18.99 USD,30539,149,Sabor Latino (State Street),4.7,81.0,"Colombian, Latin American",$,"3053 S State St, Salt Lake City, UT, 84115",84115,40.704616,-111.888084
30937,Featured Item,Burrito Ahogado,"Rice refried beans, tomato, onion, cilantro, avocado, cheese, sour cream, medium sauce, or hot sauce.",12.5 USD,30937,127,Antojitos Jalisco,,,"Mexican, Latin American, New Mexican",$,"1739 Carriage Square, Taylorsville, UT, 84119",84119,40.68036,-111.93957
31373,Appetizers (Botanas),Camarones Ahogados,Shrimp in lime juice-Camaron curtido en Limon.,16.99 USD,31373,122,Mariscos Los Chinchorros (Orem),,,"Mexican, Latin American, New Mexican",,"294 N State St, Orem, UT, 84057",84057,40.30249,-111.69675
32580,Southeast Asia,Indonesia Fried Rice,"Indonesia spicy fried rice with chicken, beef, and shrimp.",13.0 USD,32580,3,Asian Bistro Cedar City,4.6,58.0,"Asian, Asian Fusion, Korean",$$,"1380 S Providence Center Dr Suite A, Cedar City, UT, 84720",84720,37.65329,-113.08604
32752,Carnes,Hígado Encebollado,,12.99 USD,32752,30,El Platanal (Carolina),4.5,354.0,"Puerto Rican, Latin Fusion, Family Friendly",,"65 Infanteria, Carolina, , 00924",00924,18.3986944,-65.9940868
32915,Rice Bowls,Shougadon,Ginger pork bowl.,8.99 USD,32915,230,Sutadonya Texas,,,"Japanese, Seafood",$,"120 Legacy Dr, Plano, TX, 75023",75023,33.0669147,-96.6932574
32948,Picked for you,Hut Burger - Jalapeno Cargado,"Premium Beef, Habanero Aioli, Grilled Jalapeno, Lettuce, Pepper Jack cheese.",8.99 USD,32948,174,Burger Hut,,,"Burgers, Chicken, Wings, Family Meals",$$,"805 Woodbridge Pkwy, Wylie, TX, 75098",75098,33.0085,-96.5749793
32948,Hut Burger Combo,Hut Burger Jalapeno Cargado Meal,"Premium Beef, Habanero Aioli, Grilled Jalapeno, Lettuce, Pepper Jack cheese",8.99 USD,32948,174,Burger Hut,,,"Burgers, Chicken, Wings, Family Meals",$$,"805 Woodbridge Pkwy, Wylie, TX, 75098",75098,33.0085,-96.5749793
32948,Hut Burger,Hut Burger - Jalapeno Cargado,"Premium Beef, Habanero Aioli, Grilled Jalapeno, Lettuce, Pepper Jack cheese.",8.99 USD,32948,174,Burger Hut,,,"Burgers, Chicken, Wings, Family Meals",$$,"805 Woodbridge Pkwy, Wylie, TX, 75098",75098,33.0085,-96.5749793
33653,Traditional Plates,Higado Encebollado (Liver In Sauteed Onions),"Servida con arroz, frijoles, papa salada,, y ensalada served with rice, beans, salted potato, and salad.",13.99 USD,33653,94,Mi Pueblito Colombiano,4.8,52.0,"Colombian, Mexican, New Mexican, Latin American, Latin Fusion",$,"2030 W Buckingham Rd, Garland, TX, 75042-5000",75042-5000,32.9301938,-96.6588679
34100,Platillos,Higado encebollado,Beef liver. Served with 4 tortillas rice and refried beans.,7.99 USD,34100,205,El Tacontento,,,"Mexican, Latin American, New Mexican",$,"2380 E Park Blvd, Plano, TX, 75074",75074,33.0296645,-96.6824906
34100,Tacos,Taco de Higado ,"Served with lettuce, cheese, sour cream, and special sauce.",1.5 USD,34100,205,El Tacontento,,,"Mexican, Latin American, New Mexican",$,"2380 E Park Blvd, Plano, TX, 75074",75074,33.0296645,-96.6824906
34830,Sides,Tempeh (a La Carte),,8.8 USD,34830,246,Senor Veggie,,,"Vegetarian, Vegan, Healthy",$,"620 S Presa St, San Antonio, TX, 78210",78210,29.41511,-98.48832
34956,Entrée Plates,Higado Encebollado Plate,"Two pieces liver with rice beans, salad, and 2 tortillas.",6.3 USD,34956,25,Caracheos (3033 MacArthu),,,"Mexican, Latin American, New Mexican",$$,"3033 MacArthur View, San Antonio, TX, 78217",78217,29.5268745,-98.4394792
34959,Botanas,Ahogados Botana,,15.99 USD,34959,20,Los Cabos Wwwhite,,,"Burgers, American, Sandwiches",$$,"2525 South WW White Road, San Antonio, TX, 78222",78222,29.38487,-98.40497
35140,Menú,Pepino Ahogado Enchilado,,5.5 USD,35140,143,Yummy yummy Italian ice cream ,,,"Desserts, Kids Friendly, Mexican",,"5560 fm78  Ste 4, Kirby, TX, 78219",78219,29.47453,-98.38107
35607,Breakfast,Huevos Ahogados,"Toasted roll, topped with beans, carnitas, pork rinds, fried eggs, and smothered in salsa. Served with chips.",12.0 USD,35607,183,Panfila Cantina,,,"Mexican, Latin American, New Mexican, Tacos",,"22250 Bulverde Road
Suite 114, San Antonio, TX, 78259",78259,29.64863,-98.42509
35875,Antojitos Mexicanos,Higado Encebollado,Beef liver sauteed with onions,4.5 USD,35875,203,Mama's Kitchen,,,"Mexican, Latin American, New Mexican",$,"504 W Hildebrand Ave, San Antonio, TX, 78212",78212,29.466218,-98.501723
35875,Especialidades,Higado Encebollado,Beef Liver sauteed with onions,12.0 USD,35875,203,Mama's Kitchen,,,"Mexican, Latin American, New Mexican",$,"504 W Hildebrand Ave, San Antonio, TX, 78212",78212,29.466218,-98.501723
36011,Chicken Entrees,Chicken Delgado,"Sliced grilled chicken breast with sauteed onion, bell pepper, and tomatoes topped with jack cheese and avocado slices.",12.85 USD,36011,11,Cafe on the Square (San Marcos),4.2,49.0,"Breakfast and Brunch, Tex Mex, Seafood, Burgers, Tacos, Chicken, Salads, Soup, Sandwiches, Local Specialities, Family Friendly",$,"126 N LBJ Dr, San Marcos, TX, 78666",78666,29.8829818,-97.9397966
36410,De Nuestra Parrilla,Higado Encebollado,The liver cooked with onions and spices. Served with rice and refried beans.,11.95 USD,36410,88,El Ranchito De Montemayor,,,"American, Burgers, Sandwiches",$$,"11309 Elam Road, Balch Springs, TX, 75180",75180,32.720072,-96.6323246
36441,Guisos Hidalguenses,Hígado Encebollado,"Incluye arroz, frijoles y ensalada.",9.95 USD,36441,44,Neveria  Y Fruteria,4.5,26.0,"Mexican, Latin American, Tex Mex",$,"1875 John West Road, Dallas, TX, 75228",75228,32.8073155,-96.68399
36441,Desayunos al Gusto,Huevos Ahogados,Con papitas fritas o frijoles.,6.95 USD,36441,44,Neveria  Y Fruteria,4.5,26.0,"Mexican, Latin American, Tex Mex",$,"1875 John West Road, Dallas, TX, 75228",75228,32.8073155,-96.68399
36503,Picked for you,TEMPEH FRIES,"Sriracha fries topped with crushed grilled tempeh, cilantro, peanuts, sriracha sauce, hoisin sauce, and vegan garlic aioli",9.75 USD,36503,36,Banh Mi Station,4.8,200.0,"Vietnamese, Sandwich, Family Friendly, Vegan Friendly, Exclusive to Eats",$$,"1818 Sylvan Ave Ste C100, Dallas, TX, 75208",75208,32.7683018,-96.8354896
36503,SIDES,TEMPEH FRIES,"Sriracha fries topped with crushed grilled tempeh, cilantro, peanuts, sriracha sauce, hoisin sauce, and vegan garlic aioli",9.75 USD,36503,36,Banh Mi Station,4.8,200.0,"Vietnamese, Sandwich, Family Friendly, Vegan Friendly, Exclusive to Eats",$$,"1818 Sylvan Ave Ste C100, Dallas, TX, 75208",75208,32.7683018,-96.8354896
36616,Fajita Plate (Platillos De Fajita),Liver with Sauteed Onions (Higado Encebollado),,10.5 USD,36616,95,Taqueria El Sol De Mexico # 6,,,"Mexican, New Mexican",,"820 N Loop 336 W, Conroe, TX, 77303",77303,30.3359899,-95.4701297
38753,Platillos,Higado Encebollado Platillo,Liver and cooked onions served with rice and beans.,11.98 USD,38753,75,Taqueria Las Mulas &amp; Restaurant,4.6,59.0,"Mexican, Latin American, New Mexican",,"201 North Main Street, Keller, TX, 76248",76248,32.936313,-97.253944
38753,Tacos,Higado Encebollado Taco,,2.38 USD,38753,75,Taqueria Las Mulas &amp; Restaurant,4.6,59.0,"Mexican, Latin American, New Mexican",,"201 North Main Street, Keller, TX, 76248",76248,32.936313,-97.253944
39084,Tortas,Higado Torta,Liver and onions.,6.5 USD,39084,156,Burritos Locos #2,,,"Mexican, Latin American, New Mexican",$$,"821 W Pipeline Rd, Hurst, TX, 76053",76053,32.82335,-97.18791
39084,Tacos,Higado en Cebolla Taco,Liver with onions.,1.99 USD,39084,156,Burritos Locos #2,,,"Mexican, Latin American, New Mexican",$$,"821 W Pipeline Rd, Hurst, TX, 76053",76053,32.82335,-97.18791
39084,Platillos,Higado Encebollado Platillo,Liver and cooked onions served with rice and beans.,10.0 USD,39084,156,Burritos Locos #2,,,"Mexican, Latin American, New Mexican",$$,"821 W Pipeline Rd, Hurst, TX, 76053",76053,32.82335,-97.18791
40181,Mexican Plates,Higado Encebollado,"Liver. Encebollado, a la mexicana or Ranchero with rice and beans.",11.95 USD,40181,109,Las Cazuelas Mexican Restaurant (Cesar Chavez),4.4,127.0,"Mexican, Latin American, New Mexican, Breakfast and Brunch, Burritos, Tacos, Vegan Friendly, Braised Pork Rice, Rice Dishes, Salads",$,"1701 E Cesar Chavez Street, Austin, TX, 78702",78702,30.257632,-97.72644
40224,Where'''s the Beef,Vegan Texas Tempeh Patty Berger," 1/3 LB Tempeh Patty with TX Cowtail Black Eyed Peas, Black Bean, and local seasonings on a Vegan  Bun with  all the Fixins' (No Sauce)
",8.19 USD,40224,53,Wholly Cow Burgers  (S Lamar),4.6,245.0,"American, Burgers, Breakfast and Brunch, Allergy Friendly, Family Meals, Vegan, Vegan Friendly, Sandwiches, Desserts, Comfort Food, Soup, Cheesesteak, Everyday Essentials, Group Friendly",$,"3010 S Lamar Blvd, Austin, TX, 78704",78704,30.2428158,-97.7838211
